transaction_id,from_account,to_account,amount,date
TXN-1001,9978043111,4467898379,462970.89,2024-10-15
TXN-1002,2543528748,9443928668,743815.09,2024-07-24
TXN-1003,4801540047,5966535126,606596.07,2025-10-26
TXN-1004,7443542192,0358905799,334063.97,2024-11-30
TXN-1005,7750738608,3967877372,73615.43,2026-03-15
TXN-1006,4079002938,7313131574,52979.96,2026-04-15
TXN-1007,2621651607,2961221106,305081.11,2025-09-27
TXN-1008,2483455811,3926588094,593739.24,2025-03-23
TXN-1009,6546519453,6331429399,306921.48,2024-06-25
TXN-1010,2116582743,9907226155,821397.78,2025-06-17
TXN-1011,2256504851,5508883356,86340.07,2025-09-02
TXN-1012,5956382091,3261298567,566807.58,2025-05-02
TXN-1013,2110324243,2447524564,597574.23,2026-02-26
TXN-1014,1833458100,3383269133,462661,2024-06-12
TXN-1015,4572277426,2412646278,375885.83,2025-02-20
TXN-1016,1930118434,2801824587,611399.35,2025-08-17
TXN-1017,8342380947,7416082146,401048.8,2024-01-31
TXN-1018,9457044070,7413711202,539980.97,2025-04-09
TXN-1019,7560305795,4517304972,588594.54,2025-08-15
TXN-1020,4528271219,7176066456,866232.31,2024-08-15
TXN-1021,5585647156,1352553168,551193.96,2025-11-04
TXN-1022,7442297741,9276537649,305539.59,2024-09-30
TXN-1023,8317108184,3574855773,55264.38,2025-02-13
TXN-1024,7015501458,4658331179,931842.66,2025-12-01
TXN-1025,9975802714,8061620686,636515.59,2024-09-16
TXN-1026,4070175671,1329896699,264044.06,2026-06-09
TXN-1027,1356028298,9832344973,76139.07,2024-11-07
TXN-1028,6798363423,1194936700,579033.1,2025-07-01
TXN-1029,9157070961,0118836065,587941.51,2024-08-18
TXN-1030,8302612956,0791203109,718648.59,2024-02-07
TXN-1031,6695890914,1086028600,566149.91,2024-08-11
TXN-1032,0682478753,2811296034,918987.91,2025-11-11
TXN-1033,8114067991,6784034363,87517.46,2026-04-26
TXN-1034,2377827838,1194577755,257276.28,2026-05-27
TXN-1035,3211785080,7554103889,242264.68,2024-07-16
TXN-1036,4277416961,8392354331,599624.6,2025-01-25
TXN-1037,0798617801,4314138505,676872.02,2025-02-22
TXN-1038,5488975358,3508477530,549429.28,2025-11-26
TXN-1039,9427405020,3956885951,291458.53,2024-09-29
TXN-1040,6262219886,3373517235,200942.46,2024-11-18
TXN-1041,1199316705,3934610222,745860.08,2024-11-01
TXN-1042,9037963028,4491029909,69262,2025-07-24
TXN-1043,6589917386,0821381522,780408.81,2025-09-21
TXN-1044,3850013917,3240293967,87173.42,2024-06-17
TXN-1045,3232873344,0018515161,505579.66,2024-06-26
TXN-1046,5915617307,9984110972,167748.57,2024-08-09
TXN-1047,4355236295,4162028564,545232.83,2026-05-30
TXN-1048,7406408604,5021425329,681640.08,2025-04-12
TXN-1049,0133377531,2397015507,962287.34,2024-10-06
TXN-1050,3129425710,1805678293,690095.04,2025-01-11
TXN-1051,6661215507,0708047205,777186.71,2024-04-12
TXN-1052,7102948860,6954421767,898645.82,2024-11-10
TXN-1053,8323370548,4363984813,329369.49,2025-10-30
TXN-1054,8546816942,7827058106,675606.42,2025-03-13
TXN-1055,6358222999,3251730627,332955.66,2025-10-13
TXN-1056,0353109390,6457252096,792700.26,2026-04-02
TXN-1057,4916435001,2808653701,91384.52,2024-08-07
TXN-1058,8837863019,1096637324,624403.81,2024-01-06
TXN-1059,4163312587,2119784487,890528.19,2025-07-09
TXN-1060,8950565513,6112652297,622733.25,2024-05-10
TXN-1061,8813926962,6483855970,453661.77,2025-03-11
TXN-1062,3126169648,3954342530,198964.7,2024-08-18
TXN-1063,5279708033,2317737300,644882.08,2024-06-24
TXN-1064,6336409000,7107836081,582673.94,2024-03-03
TXN-1065,0362597977,4466523114,228879.55,2026-06-17
TXN-1066,1298605678,4538221722,194685.89,2026-04-23
TXN-1067,4595031072,1534579444,786227.06,2025-01-23
TXN-1068,8588107532,5515544700,533525.51,2025-05-17
TXN-1069,5462080330,6493525980,384598.51,2026-02-01
TXN-1070,7120794002,5139326926,41438.57,2026-02-16
TXN-1071,8001533225,5037146955,776906.56,2025-09-15
TXN-1072,3818458225,5441328403,566561.87,2026-04-30
TXN-1073,0552179383,5671023894,855253.47,2026-03-14
TXN-1074,9100036167,3166875201,425140.91,2026-02-03
TXN-1075,6434352349,7019670192,897204.22,2025-04-21
TXN-1076,1352923352,3051729093,740898.19,2024-08-19
TXN-1077,6711754947,5663584625,624935.19,2026-03-25
TXN-1078,4841528462,1693565308,836900.28,2025-01-16
TXN-1079,0870345502,4642315527,839214.52,2024-08-30
TXN-1080,1138432141,4156820935,97348.43,2026-01-06
TXN-1081,7643838998,5434901878,335010.48,2025-07-10
TXN-1082,6404901876,3328769261,167950.92,2025-06-27
TXN-1083,3481370631,6748905795,30136.28,2026-05-03
TXN-1084,5955088019,2465080637,292512.79,2025-03-11
TXN-1085,7207338684,3633450012,200996.87,2025-03-24
TXN-1086,1354575109,0794345140,72968.98,2024-06-13
TXN-1087,3508819958,3018554439,800123.69,2025-11-07
TXN-1088,6167329135,5165480515,351787.87,2025-12-30
TXN-1089,3714748719,2517222304,80499.59,2026-02-11
TXN-1090,0983204974,7187944202,324553.37,2026-04-17
TXN-1091,4323719312,6557205473,740212.1,2024-01-15
TXN-1092,2471136054,0520020536,955504.36,2024-05-04
TXN-1093,8318072898,5288193333,887686.8,2025-07-01
TXN-1094,6213378659,4746018524,49626.03,2025-07-13
TXN-1095,8980101832,3848286625,222123.04,2024-09-03
TXN-1096,6080553969,3526544920,837539.06,2025-12-07
TXN-1097,2003450890,0052339888,692966.47,2026-02-23
TXN-1098,2597225226,0120898821,910234.11,2024-11-18
TXN-1099,5743656567,4566704704,530986.37,2025-02-17
TXN-1100,4948271656,6587349189,311082.01,2024-12-22
TXN-1101,3470775768,9454150442,945023.2,2024-07-29
TXN-1102,3761705841,0473653045,315253.71,2025-10-28
TXN-1103,5285129751,0118893574,740774.53,2025-10-17
TXN-1104,0291178054,9402134079,291165.32,2026-05-03
TXN-1105,1408000984,6709707184,848725.88,2024-11-29
TXN-1106,5050051249,2836663291,641228.34,2025-04-09
TXN-1107,3804416902,9625335555,59272.45,2024-05-24
TXN-1108,9131436436,3945187087,831604.38,2026-01-05
TXN-1109,0502700148,6742789633,389935.46,2025-09-01
TXN-1110,9426122437,2308979457,885005.86,2024-11-07
TXN-1111,5811933703,6935792708,246677.3,2024-12-01
TXN-1112,3303022851,1199157807,890659.74,2024-04-17
TXN-1113,8275154581,5848523552,595046.1,2024-04-27
TXN-1114,4249598962,0600728895,962114.54,2024-09-08
TXN-1115,4734664385,5388954534,578380.8,2025-08-07
TXN-1116,8191355789,7104893221,490721.89,2026-01-18
TXN-1117,2319326988,1259234049,488695.84,2024-03-11
TXN-1118,4721342975,6868254054,944594.54,2024-11-04
TXN-1119,5109711169,2450674663,681936.76,2026-05-29
TXN-1120,2592797922,5329100908,18564.93,2025-01-14
TXN-1121,2772173573,9866520667,592641.41,2026-01-14
TXN-1122,5394018068,8947950609,733491.7,2025-01-22
TXN-1123,3794121517,8358673924,375341.58,2024-06-17
TXN-1124,8985281161,0807323241,784008.95,2025-07-14
TXN-1125,2526813208,1484506079,944824.84,2026-03-13
TXN-1126,8366422512,6263595836,521005.69,2025-05-09
TXN-1127,2687981072,4491488228,447718.01,2024-07-03
TXN-1128,4795964768,3742080713,837123.92,2024-03-12
TXN-1129,1573644645,9312492619,603695.52,2025-01-16
TXN-1130,7103335379,6278706507,682461.8,2025-11-18
TXN-1131,1602938549,7258798641,58920.66,2026-02-19
TXN-1132,6388685993,4506745955,916493.23,2024-04-26
TXN-1133,6383711982,9572440367,218421.27,2025-07-05
TXN-1134,2251160214,2040949733,538943,2025-01-31
TXN-1135,5210875601,2695700429,113973.9,2025-07-01
TXN-1136,7554754233,8831519501,215894.88,2024-09-01
TXN-1137,8395925424,1251066723,783003.98,2024-01-09
TXN-1138,1025445149,8754717810,643936.65,2024-05-17
TXN-1139,2977831808,3644151012,137298.12,2024-02-24
TXN-1140,7144029471,4388854185,305660.47,2025-07-20
TXN-1141,3782931984,0901690186,192110.26,2024-02-12
TXN-1142,2562932806,1396340696,776734.64,2024-05-28
TXN-1143,4686410717,2575401326,389718.7,2024-09-28
TXN-1144,6424324427,9676319551,283337.66,2024-06-07
TXN-1145,4018171886,1523522901,825904.3,2026-05-12
TXN-1146,1832267571,9662216284,220850.08,2024-02-21
TXN-1147,1787883584,5897642907,665267.97,2024-07-22
TXN-1148,0849239603,0250251909,386793.84,2025-01-22
TXN-1149,8956527357,8585822911,293720.02,2024-02-29
TXN-1150,2203650385,2731115600,40902.22,2024-06-04
TXN-1151,8693797431,5053615070,248849.56,2025-08-05
TXN-1152,0238625650,7474022632,159209.07,2024-01-24
TXN-1153,3594559838,9338840129,647540.52,2025-11-28
TXN-1154,9416430388,3251453676,497829.78,2024-03-02
TXN-1155,7395785378,7536714444,993338.14,2024-06-09
TXN-1156,2627415832,9434179407,190180.49,2025-07-07
TXN-1157,8310171646,4090434357,781117.25,2024-05-14
TXN-1158,6032018422,5469859180,929052.05,2026-04-10
TXN-1159,9967316452,1796256024,252676.46,2024-03-12
TXN-1160,7696573209,1819232553,929838.31,2024-06-08
TXN-1161,2948919322,6780091574,246311.83,2026-03-23
TXN-1162,5033818810,4217254053,698920.81,2025-02-13
TXN-1163,1981231462,7803614109,64113.2,2024-03-31
TXN-1164,0562448903,5167702138,215758.09,2026-05-25
TXN-1165,2509842354,4020833660,730421.32,2024-09-06
TXN-1166,5159822355,8684482491,773425.71,2024-12-11
TXN-1167,8602069242,0932076426,427897.95,2025-09-10
TXN-1168,2879424410,6699154612,569078.73,2024-02-24
TXN-1169,3289872807,4181332740,131187.9,2025-09-08
TXN-1170,2656254660,1478537106,294212.86,2024-04-13
TXN-1171,4140997421,8935117834,840293.43,2026-04-12
TXN-1172,4215497041,2413010727,554536.7,2025-10-22
TXN-1173,5413895611,1554784254,619338.83,2024-01-14
TXN-1174,8509059588,1084114990,326960.21,2025-05-28
TXN-1175,4046010784,8778438750,291654.6,2025-06-05
TXN-1176,3104448495,1497806129,358337.38,2026-04-29
TXN-1177,4831050718,6976358017,24329.62,2025-12-03
TXN-1178,0159675437,8829834991,103239.51,2024-04-14
TXN-1179,4198857370,9348810929,286631.45,2025-03-06
TXN-1180,5863622986,3516941521,387694.1,2025-05-01
TXN-1181,2453048577,3080978287,685092.79,2024-12-14
TXN-1182,9278545821,2422722258,618139.87,2026-06-15
TXN-1183,7086554331,3101283916,755481.42,2026-01-17
TXN-1184,7429416339,8094533080,146223.47,2026-02-01
TXN-1185,1777560486,5174630327,389509.1,2024-11-26
TXN-1186,5288327176,5276915993,625115.71,2025-02-07
TXN-1187,0706483719,2272014853,672453.42,2024-10-20
TXN-1188,3325544577,7498991148,159939.13,2025-05-17
TXN-1189,7076402464,9387617330,801123.94,2025-04-10
TXN-1190,8084799959,6811208193,360976.63,2025-12-28
TXN-1191,3772504865,7694080107,517114.02,2025-01-28
TXN-1192,9535828662,8605804803,265112.21,2025-11-21
TXN-1193,1648637421,9429121819,287248.95,2025-03-28
TXN-1194,7601344245,6804670704,430676.89,2025-02-02
TXN-1195,6287525212,8276994468,210474.02,2025-12-12
TXN-1196,3756116715,1077045451,982126.37,2024-07-18
TXN-1197,3381762929,4843109768,13070.67,2024-10-21
TXN-1198,5967282696,3852102958,381565.33,2026-03-31
TXN-1199,9101411184,1273562815,826077.75,2024-11-09
TXN-1200,0603736767,2308446867,119311.19,2025-03-31
TXN-1201,6911248859,2645883139,415933.35,2025-11-03
TXN-1202,4459204770,9723775661,94226.92,2024-01-27
TXN-1203,3632709490,3317430075,829457.78,2024-07-05
TXN-1204,8040901188,0104982628,581299.1,2025-09-18
TXN-1205,9726529611,1753425407,672961.26,2025-03-13
TXN-1206,1095387220,4117364887,791651.3,2024-11-10
TXN-1207,0277250874,8245586507,192910.74,2025-09-14
TXN-1208,9572420384,4190419542,254324.63,2024-12-23
TXN-1209,0692299270,5051828308,895531.39,2024-03-10
TXN-1210,5145753146,2448379403,612313.38,2026-05-12
TXN-1211,7244733992,4742105265,797220.43,2026-06-19
TXN-1212,9179888967,5238271715,229156.17,2024-05-22
TXN-1213,8453859089,8932164364,136405.36,2025-10-16
TXN-1214,8721817334,9508375338,852310.81,2025-11-05
TXN-1215,0834042873,1186209292,869194.5,2024-05-10
TXN-1216,9729739024,5857943802,611604.45,2025-09-11
TXN-1217,3698023911,6161015675,349841.14,2025-01-17
TXN-1218,1832458877,0289598480,833189.52,2025-01-31
TXN-1219,4795918608,8644783504,201858.4,2026-02-20
TXN-1220,1237663422,1390671554,259645.86,2025-11-02
TXN-1221,9655275301,1219547231,179659.18,2025-03-08
TXN-1222,7115205741,8309586086,685203.26,2025-07-17
TXN-1223,2055402635,8849069131,66681.5,2025-01-12
TXN-1224,4696659950,0809640372,559485.18,2026-01-12
TXN-1225,0086049791,2175203550,657693.59,2024-10-13
TXN-1226,4707191005,0457676977,438820.25,2024-10-03
TXN-1227,8930384579,4977615837,163698.19,2024-10-03
TXN-1228,4107312196,7698374129,570537.48,2024-10-23
TXN-1229,7876566336,0346344193,949964.61,2026-06-06
TXN-1230,5333956582,1427426164,904019.13,2024-07-15
TXN-1231,3919584816,4054926219,331204.36,2024-05-03
TXN-1232,2839693018,2538133328,882472.04,2025-04-11
TXN-1233,9335726424,8446217422,197917.45,2024-05-11
TXN-1234,5577168392,3973294429,149856.57,2026-05-29
TXN-1235,3962614422,6678168351,669142.14,2025-12-24
TXN-1236,6661733137,2675269333,116936.05,2025-07-07
TXN-1237,2135903695,1555153024,285091.39,2024-04-15
TXN-1238,8460467978,9075271343,855210,2024-04-21
TXN-1239,2546378883,8793809895,572391.16,2026-03-24
TXN-1240,3576031076,6067692880,994808.1,2024-10-16
TXN-1241,2628408041,6506534164,626200.56,2024-02-18
TXN-1242,5924505512,5569588806,280578.62,2026-06-10
TXN-1243,6615254417,2046381206,666030.5,2024-07-13
TXN-1244,6256452486,1040207181,949062.16,2024-10-25
TXN-1245,1138502273,5726827216,455677.61,2025-06-16
TXN-1246,2624339724,3934196534,775613.33,2025-01-07
TXN-1247,2397286695,5947898446,121367.38,2024-10-28
TXN-1248,3596878840,2776412226,935358.21,2025-06-25
TXN-1249,4296445371,0440995612,113655.48,2025-10-31
TXN-1250,6363562511,6367239276,934235.29,2026-05-07
TXN-1251,3486413119,3035397748,81495.26,2025-11-28
TXN-1252,6167758451,3520617638,867544.77,2026-01-26
TXN-1253,5818818037,8066217236,920489.49,2025-08-19
TXN-1254,8799621551,7197640854,508428.61,2025-08-21
TXN-1255,8524940237,1605966195,87014.61,2026-03-03
TXN-1256,4286130618,3728016471,548091.27,2024-07-26
TXN-1257,7673197029,2630221408,955902.31,2025-03-23
TXN-1258,0723095444,8539207807,102684.71,2025-11-11
TXN-1259,2962431489,1754361785,286209.17,2024-12-22
TXN-1260,6930377375,8954184805,648292.03,2025-03-11
TXN-1261,9907417610,3197844246,480497.92,2025-12-31
TXN-1262,5756254169,4183360553,230242.61,2025-06-04
TXN-1263,2566089946,6129419342,435284.61,2026-04-19
TXN-1264,1327680106,2581650445,536883.35,2025-03-27
TXN-1265,1604167145,2538179865,381008.86,2025-11-05
TXN-1266,8154389078,0974205247,640368.65,2025-05-10
TXN-1267,5675926040,9890078860,500792.71,2025-04-23
TXN-1268,0651931475,3127070862,129939.18,2025-12-04
TXN-1269,3922927760,5941648078,600450.05,2024-10-05
TXN-1270,6051153128,3656421959,514410.5,2024-06-05
TXN-1271,7262114175,8532989864,476769.3,2024-05-17
TXN-1272,2859861111,8820620163,969044.46,2025-12-25
TXN-1273,0275591209,7211483288,971187,2025-05-03
TXN-1274,2244775331,9036454998,85292.24,2025-08-22
TXN-1275,0157223818,3523585420,367846.21,2024-04-18
TXN-1276,6770148027,4106851142,222108.81,2024-09-27
TXN-1277,8392958478,2081144065,711027.24,2025-08-11
TXN-1278,7641748387,9134991643,711323.93,2024-01-06
TXN-1279,2441194426,3153373823,901348.86,2025-04-23
TXN-1280,8816665691,5012379809,190141.75,2026-04-03
TXN-1281,0630412154,1731668192,608480.28,2024-11-21
TXN-1282,7483739337,5030815835,464580.08,2025-06-28
TXN-1283,4577133867,5177539150,636373.32,2024-07-14
TXN-1284,7315122796,5017097498,783856.15,2024-10-26
TXN-1285,9504102487,7352585422,940058.53,2024-04-13
TXN-1286,0335293302,2429211926,802907.6,2025-06-29
TXN-1287,3666535207,2087012101,555524.04,2024-02-18
TXN-1288,6809068007,4821737892,341947.51,2025-02-16
TXN-1289,7913451059,3487143812,989425.74,2024-07-03
TXN-1290,9645984072,2641263222,880133.96,2024-02-08
TXN-1291,5897437304,6046432346,429466.08,2025-11-06
TXN-1292,8950189889,7601117034,607099.85,2026-04-29
TXN-1293,3789869411,6443251330,987245.98,2025-04-11
TXN-1294,5014303308,0629497259,120430.41,2025-01-20
TXN-1295,8343723493,8836945869,212345.03,2024-09-19
TXN-1296,4605694453,0410175195,188680.4,2025-09-01
TXN-1297,6050472519,5376495172,177002.29,2026-01-01
TXN-1298,8038428570,9074618519,474551.23,2024-08-06
TXN-1299,0088597422,4316445264,73406.37,2024-05-17
TXN-1300,0172212346,7442360826,177206.74,2024-02-15
TXN-1301,7624157912,2546164597,238946.57,2024-08-30
TXN-1302,1436861925,5331860755,792986.4,2024-03-01
TXN-1303,5691366670,3292408893,145546.46,2024-08-17
TXN-1304,5848466714,8364380477,140833.8,2024-08-06
TXN-1305,9915782675,2668016601,297406.25,2026-03-10
TXN-1306,1893038500,1487174524,168486.57,2025-01-08
TXN-1307,1642809051,2742772610,73218.7,2025-05-18
TXN-1308,5371371729,1137627611,69548.18,2024-10-16
TXN-1309,6768909661,6887320645,672853.26,2024-05-19
TXN-1310,8140965796,0509962782,620322.92,2025-05-31
TXN-1311,0496113638,5008958608,604166.63,2025-06-16
TXN-1312,0597434004,7648154171,498457.29,2025-03-25
TXN-1313,4430019531,6758835968,619641.86,2024-12-26
TXN-1314,9535235738,3054921340,209283.35,2025-04-26
TXN-1315,2704160885,6541899517,148289.56,2026-02-20
TXN-1316,8899936996,2255774852,475740.33,2026-05-08
TXN-1317,4289924905,9355235880,221502.98,2025-04-26
TXN-1318,2019589005,6845914084,349524.25,2026-01-23
TXN-1319,4556843064,9160228688,384320.44,2024-08-22
TXN-1320,8115552854,5042496589,452472.22,2026-03-29
TXN-1321,5851049833,4190769079,860997.37,2025-09-06
TXN-1322,6851938451,7072042035,94431.5,2026-05-03
TXN-1323,1437490380,2343655279,67433.96,2026-02-18
TXN-1324,6975931947,8871469938,906063.32,2025-06-06
TXN-1325,3386686915,9546320593,443132.39,2025-10-14
TXN-1326,1101428016,9420313498,989902.73,2026-01-15
TXN-1327,2547906472,0593907506,904926.29,2025-11-14
TXN-1328,6791984341,9709875298,351634.08,2024-06-22
TXN-1329,6423846450,6252568052,456090.86,2025-06-27
TXN-1330,4674840819,0568097565,381711.96,2025-04-06
TXN-1331,1626583265,7826915919,774965.32,2025-05-08
TXN-1332,6435741316,7502454950,665755.99,2024-11-05
TXN-1333,0905050942,5742178394,475061.99,2024-12-18
TXN-1334,4106849713,3875709897,94701.73,2026-01-04
TXN-1335,1987710476,0363211326,479368.7,2024-06-04
TXN-1336,3419491342,2170568549,193650.53,2025-02-07
TXN-1337,0390249085,7246422486,937302.44,2024-02-07
TXN-1338,6419455074,3484548624,274694.72,2025-10-25
TXN-1339,2509976514,2777814857,737803.9,2026-05-15
TXN-1340,9013005358,4470886199,564635.07,2025-01-23
TXN-1341,2573419467,0013453546,484780.56,2026-02-09
TXN-1342,8939432177,6370082317,253688.81,2024-03-24
TXN-1343,1970812386,4227403012,442551.76,2026-06-11
TXN-1344,6081978645,1984876583,857744,2024-09-08
TXN-1345,6637599775,1993475390,624442.5,2026-02-07
TXN-1346,8642742026,4578131719,911990.9,2026-02-11
TXN-1347,8532692236,7730139874,60546.65,2025-01-10
TXN-1348,3453038133,7777339520,682394.5,2025-06-02
TXN-1349,3727227049,5290493798,185299.36,2025-12-14
TXN-1350,6860130610,6668364994,777531.09,2025-11-14
TXN-1351,7119817849,7034762400,660725.56,2024-03-04
TXN-1352,7048872347,2746941444,500877.42,2024-01-26
TXN-1353,0290417444,9053599966,888148.4,2025-10-21
TXN-1354,8441876920,2372762011,979667.72,2025-05-12
TXN-1355,5312555936,7343896828,272147.58,2024-12-09
TXN-1356,2962184645,5054664677,273379.89,2024-05-16
TXN-1357,2844584898,6964186610,473907.69,2025-08-03
TXN-1358,1402033036,2358573033,170477.88,2024-07-03
TXN-1359,0868104960,1115729398,857648.07,2026-05-03
TXN-1360,2057959735,5957132162,733061.26,2025-09-29
TXN-1361,1214768887,0906553231,351628.82,2025-01-20
TXN-1362,7622932416,6107598739,359527.35,2025-01-18
TXN-1363,4433766369,9705448182,415971.06,2025-02-27
TXN-1364,9518835655,2863837258,172662.57,2024-02-03
TXN-1365,0049374399,8943511735,712962.29,2025-08-18
TXN-1366,1091066313,5169877905,908419.32,2025-10-17
TXN-1367,5078789008,9910742361,174933.43,2024-07-22
TXN-1368,7724875265,8182154306,518835.95,2025-02-09
TXN-1369,2318977950,9527846525,334221.67,2024-02-13
TXN-1370,1386183179,2122792925,377362.08,2025-07-10
TXN-1371,6485253939,0570804779,278487.28,2025-05-02
TXN-1372,9083268538,3604445303,916495.56,2025-08-23
TXN-1373,3567627775,6177872034,210976.09,2025-05-16
TXN-1374,9929174903,9790884890,63735.92,2026-02-22
TXN-1375,2582199568,2466638351,211316.61,2025-11-06
TXN-1376,2850318085,1177732752,312949.53,2026-02-24
TXN-1377,0241425451,0466484746,418206.45,2024-05-28
TXN-1378,5481117328,3810290241,245179.33,2026-01-08
TXN-1379,7944995277,8456402977,94470.62,2025-06-29
TXN-1380,0207512413,0555281964,495147.1,2025-04-11
TXN-1381,8328460902,9873009349,248173.01,2026-05-18
TXN-1382,3700260389,3384675829,734650.48,2025-09-06
TXN-1383,4684401421,4256037752,71097.98,2026-04-18
TXN-1384,0356829191,5953943828,175990.71,2024-11-16
TXN-1385,2245328504,9312129114,492902.14,2026-01-09
TXN-1386,3289816988,1011052682,271828.61,2025-01-04
TXN-1387,3974940649,2280770479,975282.11,2025-03-06
TXN-1388,0137614198,3117989972,908290.15,2024-04-03
TXN-1389,6065379324,3704516649,366010.12,2026-04-10
TXN-1390,0227115201,1500387038,656837.37,2025-07-24
TXN-1391,3805012854,7534925273,40804.36,2025-03-30
TXN-1392,8089299728,4726804218,761351.95,2024-06-07
TXN-1393,3883726299,2701085033,303812.5,2026-02-13
TXN-1394,1008258860,4278506649,179598.02,2026-06-10
TXN-1395,1028287285,5105497711,504450.89,2025-07-28
TXN-1396,2618719852,1628976086,845298.37,2025-12-03
TXN-1397,9102552476,7416464799,56338.42,2024-06-23
TXN-1398,0439885702,4108712064,556011.25,2026-04-12
TXN-1399,2217983064,1285419730,481760.33,2025-05-05
TXN-1400,9633687876,1628130410,576492.64,2024-03-13
TXN-1401,7030392428,5880586271,377024.47,2024-01-16
TXN-1402,3023402820,6618162648,998158.63,2025-04-23
TXN-1403,9219830267,5409697745,604577.8,2024-12-14
TXN-1404,4176637001,1835101305,791307.09,2026-02-26
TXN-1405,8026847931,2573380371,612768.41,2025-11-25
TXN-1406,7608860002,7380452667,97438.2,2024-02-27
TXN-1407,0471087995,8377704765,986081.55,2026-05-09
TXN-1408,2326332912,8584424093,601008.3,2025-09-23
TXN-1409,5072699360,6180392698,260696.66,2025-09-23
TXN-1410,3007648037,1895328778,441566.26,2025-07-12
TXN-1411,3891523437,4721685254,610667.56,2024-10-29
TXN-1412,9727276290,3800401096,838285.48,2025-12-07
TXN-1413,0097587789,9825512502,183867.82,2024-02-29
TXN-1414,4833396341,3617972544,378918.36,2024-06-17
TXN-1415,5574715472,5104655843,191011.24,2025-03-31
TXN-1416,0846567495,6528770662,68364.29,2025-03-31
TXN-1417,6622461905,1624067441,420451.32,2024-05-12
TXN-1418,7905729840,1977401022,213658.36,2025-11-20
TXN-1419,3330429372,7536033042,171828.15,2025-03-30
TXN-1420,0918286372,5717813759,47209.29,2024-02-15
TXN-1421,1939770604,7320350826,841857.9,2026-05-21
TXN-1422,0602777000,1178992242,376820.83,2025-03-18
TXN-1423,7494468373,5774961118,869492.45,2026-04-15
TXN-1424,7186003421,6408635049,271869.68,2024-10-11
TXN-1425,3661443120,4623998421,779220.44,2024-11-25
TXN-1426,8843216585,9576062886,337716.33,2025-02-26
TXN-1427,1224226186,8569515742,887231.11,2024-02-19
TXN-1428,9848658557,1799300569,603040.4,2024-01-31
TXN-1429,2345996471,9532793919,526690.73,2024-01-01
TXN-1430,5797927117,6885980192,423397.81,2025-07-23
TXN-1431,5846398043,0807677406,983128.36,2024-03-24
TXN-1432,5321226127,3811289553,716834.67,2025-08-21
TXN-1433,4171416677,5315550387,107470.24,2024-08-21
TXN-1434,2162191400,5629082463,736845.89,2025-04-29
TXN-1435,0137753348,8513538813,909438.5,2026-03-12
TXN-1436,8176429744,7102191630,310148.18,2025-09-02
TXN-1437,5264464951,5008202648,589490.46,2024-11-26
TXN-1438,2583757682,3883178341,968617,2026-03-29
TXN-1439,8337732763,9734831480,834066.88,2026-05-15
TXN-1440,2027184360,7509922881,410676.54,2025-06-10
TXN-1441,7546231918,4695473021,816401.36,2025-02-09
TXN-1442,7508738580,8740858220,740321.55,2025-04-10
TXN-1443,5828873183,8514091333,131348.04,2026-02-21
TXN-1444,0712279486,1063403313,738642.02,2024-05-18
TXN-1445,4656415948,8136684409,350418.64,2025-06-06
TXN-1446,1509350510,2245623803,984005.13,2024-04-22
TXN-1447,8821308942,7924856776,439876.51,2025-01-29
TXN-1448,6873275521,2937298615,527477.53,2025-05-30
TXN-1449,3490946346,2250148878,773905.27,2026-05-25
TXN-1450,1863140297,6674443225,309358.39,2024-05-11
TXN-1451,4655563614,2468441291,918858.57,2025-03-14
TXN-1452,4417089439,4688189944,510441.27,2026-02-04
TXN-1453,1520594058,0018111843,769883.36,2025-07-23
TXN-1454,3739598098,2633988376,154350.52,2025-11-13
TXN-1455,2376898919,8160257576,743329.8,2024-06-17
TXN-1456,0636663455,6757266722,172034.52,2025-04-03
TXN-1457,4723710788,6007334358,151517.48,2024-01-02
TXN-1458,1118412476,1134914132,604477.1,2026-05-25
TXN-1459,5695071860,2302119038,869502.7,2024-04-08
TXN-1460,0521653184,9768817697,333664.54,2024-12-01
TXN-1461,5520252143,5046195254,15520.87,2026-03-13
TXN-1462,9607802568,9209798353,203004.38,2024-06-29
TXN-1463,9192869940,3389688159,124893.04,2025-06-23
TXN-1464,2220492331,5991371633,866093.83,2025-01-07
TXN-1465,5297030669,4162816280,194823.35,2025-01-21
TXN-1466,6966157285,1901883291,617223.32,2024-05-23
TXN-1467,6979865225,2212827098,651784.2,2024-10-17
TXN-1468,4186740915,9118910707,742431.14,2024-12-12
TXN-1469,9820605052,8507589897,809314.32,2025-12-29
TXN-1470,5040065157,6562353408,167719.85,2024-06-11
TXN-1471,3862417397,2793531906,365452.38,2025-06-20
TXN-1472,4312515812,2564741314,13733.17,2024-11-06
TXN-1473,6607816438,0418658798,780993.03,2026-02-07
TXN-1474,1526404814,0428991622,48988.03,2026-05-28
TXN-1475,9438074336,8228071202,203323.46,2025-11-25
TXN-1476,2111504797,5801798749,570769.76,2025-06-18
TXN-1477,4876668889,4101480199,129872.21,2026-04-05
TXN-1478,7152768836,0707004308,391765.24,2025-03-01
TXN-1479,7123063346,1322080072,633529.7,2025-05-03
TXN-1480,2085657911,8434986243,670252.71,2026-04-02
TXN-1481,0778563765,1937009898,361200.84,2025-01-24
TXN-1482,2996468275,7836329954,877740.46,2025-10-07
TXN-1483,0068519396,8819412150,783316.48,2025-06-12
TXN-1484,6195115347,3897297964,899051.38,2025-11-17
TXN-1485,6030401768,4217556367,160889.45,2024-04-19
TXN-1486,5760765611,7713620027,734368.32,2025-05-10
TXN-1487,1238339098,4658190878,360664.51,2025-03-30
TXN-1488,5843056420,5862060370,520364.69,2024-09-11
TXN-1489,4943492390,9400111602,740355.48,2024-07-31
TXN-1490,5703677453,5440586641,578223.36,2026-06-14
TXN-1491,4264921187,5343386514,981772.71,2024-07-29
TXN-1492,7807601517,3355914379,564655.3,2024-10-26
TXN-1493,1650647746,4374096068,173285.71,2024-10-14
TXN-1494,3802778439,9269552822,367396.23,2025-08-24
TXN-1495,5337113349,6552328586,915237.57,2024-12-19
TXN-1496,0481777630,7390653982,797984.28,2024-11-14
TXN-1497,6143335528,8394522130,539055.08,2026-06-12
TXN-1498,6608477926,4669734285,442030.18,2024-07-21
TXN-1499,3454200957,6237668462,277035.49,2025-10-13
TXN-1500,1348231115,1119542248,562781.08,2025-04-25
TXN-1501,1793431833,6570983218,497461.63,2024-11-27
TXN-1502,7364097473,6901921262,568341.09,2026-01-21
TXN-1503,7040840108,8443085925,754125.47,2024-12-28
TXN-1504,4965515207,9978237258,124325.88,2025-04-07
TXN-1505,4990628678,2010692429,349818.92,2025-10-27
TXN-1506,4113259502,3922134403,338826.32,2025-03-26
TXN-1507,3849990827,6877865935,363078.1,2025-03-05
TXN-1508,7776108808,8279238327,921567.34,2025-10-05
TXN-1509,8808302768,2436479079,705741.27,2024-07-20
TXN-1510,5481526844,8501276572,772038.69,2024-05-02
TXN-1511,5602626648,6391808021,597750.76,2025-12-16
TXN-1512,6623732466,3581916094,652863.67,2024-02-21
TXN-1513,7931865384,1113251158,356679.52,2025-11-21
TXN-1514,3450038175,8553017874,449386.65,2025-10-30
TXN-1515,9972971197,9824446619,177629.44,2025-05-09
TXN-1516,2981772100,4041182696,648854.41,2025-03-03
TXN-1517,3475034696,4458641384,974037.86,2025-02-27
TXN-1518,7301912677,4777536934,589951.27,2026-02-21
TXN-1519,3065417711,5870088713,408622.41,2025-08-08
TXN-1520,9317155265,0568782045,453331.5,2026-06-05
TXN-1521,2609997266,9686856597,364536.16,2025-01-11
TXN-1522,6789816003,4636307489,908461.95,2026-04-06
TXN-1523,4908870954,4506103897,592036.28,2024-10-17
TXN-1524,5009838357,4048272452,332232.6,2026-05-24
TXN-1525,5119434321,3397042774,790818,2024-05-19
TXN-1526,3252861698,4767582619,100986.26,2025-04-10
TXN-1527,3050968123,9542765900,576071.01,2024-06-18
TXN-1528,2012558679,4694512791,411987.89,2025-07-26
TXN-1529,2536240951,9538433285,290867.6,2024-11-29
TXN-1530,6717887747,1704408041,767405.77,2026-03-04
TXN-1531,6949271945,9920841609,801239.6,2025-09-03
TXN-1532,5457715899,0384512170,682876.29,2025-02-24
TXN-1533,3408070360,4391147718,406163.96,2026-05-27
TXN-1534,8821958682,2832898097,953429.57,2024-11-14
TXN-1535,4700141677,2657098585,915630.24,2026-01-04
TXN-1536,8417036075,9921882925,745294.99,2025-03-18
TXN-1537,1208883703,5188734633,283325.29,2025-09-25
TXN-1538,0026557015,6099898862,842363.31,2026-04-13
TXN-1539,4352803746,5409133780,813031.74,2025-07-29
TXN-1540,3002792462,5771957899,841418.05,2025-01-12
TXN-1541,2686928999,9985922738,323369.56,2024-12-29
TXN-1542,0588131390,6925968544,192529.2,2025-09-27
TXN-1543,5463067068,3799354866,242700.21,2026-01-23
TXN-1544,3183845405,6644560274,527747.6,2024-09-23
TXN-1545,3964645409,8306372696,68120.62,2024-04-10
TXN-1546,8104869072,1515241573,483965.73,2025-05-29
TXN-1547,4662321862,3200442995,922428.84,2024-03-20
TXN-1548,0046736494,4626776678,62689.13,2024-09-17
TXN-1549,0177994935,1004573574,649414.94,2025-01-23
TXN-1550,5613697765,7933363808,151066.16,2024-08-12
TXN-1551,0564483125,5136682596,699916.97,2024-03-30
TXN-1552,7514698730,6311370066,289507.07,2024-09-16
TXN-1553,6618408651,5776700272,873449.11,2025-07-30
TXN-1554,3725304518,1360401141,82884.83,2025-09-26
TXN-1555,9225925382,5591354533,908153.79,2025-11-20
TXN-1556,1564508614,8824904720,156178.08,2026-03-24
TXN-1557,9720721780,3520618021,90006.35,2024-07-14
TXN-1558,9426226188,3966817634,457036.85,2024-01-27
TXN-1559,9988463434,1986923259,891477.97,2025-06-25
TXN-1560,0768902367,8895724986,797394.4,2025-11-02
TXN-1561,2570098944,3305366465,338744.48,2025-01-03
TXN-1562,7537215177,0247887721,890990.31,2025-08-10
TXN-1563,5447248965,1716338236,41860.71,2024-12-06
TXN-1564,7785391434,0610616999,322378.78,2026-02-02
TXN-1565,8020879463,0155927861,387080.26,2024-09-18
TXN-1566,6510151730,0890150201,446807.9,2024-12-05
TXN-1567,6269748446,0337213297,303554.51,2025-12-10
TXN-1568,8096645107,9288029816,365888.77,2026-03-16
TXN-1569,9850309099,0523986386,378640.16,2025-09-06
TXN-1570,4431042396,9729253648,642512.64,2025-10-27
TXN-1571,1469470658,1275972538,893956.23,2025-08-13
TXN-1572,7758518914,7480565407,178110,2024-03-01
TXN-1573,4500311102,3767988283,427513.94,2025-01-20
TXN-1574,2845692554,2871481860,850023.74,2026-05-16
TXN-1575,3770561880,0513950062,612809.13,2024-11-15
TXN-1576,8847582452,0401047460,110200.51,2026-04-30
TXN-1577,9713800743,3993851155,31350.99,2024-07-07
TXN-1578,4853880325,1834477587,847327.81,2024-02-18
TXN-1579,3401649666,8969949607,406122.83,2025-12-13
TXN-1580,6699060736,5360970452,167113.71,2024-06-20
TXN-1581,5340870413,9716614699,428586.92,2024-03-29
TXN-1582,5116683703,6252102577,887675.25,2024-08-02
TXN-1583,1062741978,6380884955,873393.6,2025-05-18
TXN-1584,8402836336,3982718286,681795.18,2025-05-03
TXN-1585,4880595992,3768481483,921975.77,2025-07-04
TXN-1586,0366394605,1059424143,675663.57,2026-02-17
TXN-1587,1303373184,8602496283,78288.41,2025-08-13
TXN-1588,8519409388,6418626524,979483.72,2026-03-13
TXN-1589,2020346084,7114543447,732446.26,2026-05-11
TXN-1590,5342910660,1574990279,970843.41,2025-06-25
TXN-1591,8161678624,6557774842,394455.23,2025-02-12
TXN-1592,9072358794,5925795729,754196.11,2025-02-01
TXN-1593,0760881915,5980028367,905736.13,2026-05-08
TXN-1594,8013923867,7304750023,830829.23,2025-08-26
TXN-1595,5766766566,4852622118,452534.76,2024-07-24
TXN-1596,7639078881,2718302673,838163.23,2025-07-25
TXN-1597,2425601214,3993734646,891853.31,2024-12-14
TXN-1598,1417563675,7437888962,786907.08,2026-05-27
TXN-1599,4264248030,2988192911,514580.09,2024-11-08
TXN-1600,6669542604,4138063661,161225.67,2024-05-16
TXN-1601,8968138303,2266110319,110472.18,2025-02-27
TXN-1602,6641025497,0007205873,596621.36,2024-08-02
TXN-1603,9032041259,8292342057,226053.41,2026-05-28
TXN-1604,2052816845,2018773447,774491.74,2024-10-01
TXN-1605,3240532513,6575247263,624028.34,2025-09-28
TXN-1606,1322126258,0702521451,785964.87,2024-05-10
TXN-1607,4757019661,0576874326,646475.85,2024-10-15
TXN-1608,2074096256,8377051989,217026.5,2024-02-10
TXN-1609,9490278416,0179359246,570334.09,2026-03-30
TXN-1610,1069445416,5373193556,610710.89,2026-06-06
TXN-1611,6946306619,5020756804,763854.62,2025-06-09
TXN-1612,3869389912,5995855636,85774.77,2025-08-22
TXN-1613,5808560268,0102089677,570082.09,2026-05-22
TXN-1614,8327651641,2619512045,339567.63,2025-06-06
TXN-1615,7231541568,8487230848,411123.62,2026-02-07
TXN-1616,1043554997,6447070466,685679.83,2024-05-24
TXN-1617,1781208245,0801122357,853951.88,2024-05-08
TXN-1618,8854812830,8246928917,447348.46,2025-05-24
TXN-1619,2719806571,1442518677,106871.63,2024-04-28
TXN-1620,5089022310,3378376222,447322.86,2024-06-03
TXN-1621,7208137937,7223443109,912003.32,2024-05-20
TXN-1622,9649408282,4417950678,427163.47,2026-03-05
TXN-1623,9293226516,6245853453,855517.11,2024-01-05
TXN-1624,7627908565,5173411449,532694.25,2024-06-21
TXN-1625,2582622825,0208762744,347533.06,2024-02-27
TXN-1626,5311682579,8213092609,395394.66,2026-04-28
TXN-1627,6676334057,7651846025,885353.44,2024-09-17
TXN-1628,1876375244,0622990158,557418.8,2024-03-30
TXN-1629,2989933179,7185414140,639662.36,2024-06-26
TXN-1630,7612797458,1492358046,871156.37,2024-01-01
TXN-1631,9316567715,7729844107,835015.37,2025-04-17
TXN-1632,3038677074,5861978529,59815.68,2025-04-05
TXN-1633,0413025357,6705415750,600634.41,2026-03-30
TXN-1634,7762652202,9035777922,826394.36,2024-08-28
TXN-1635,0210340154,2629706380,703971.88,2026-01-24
TXN-1636,0284674023,0191044754,777556.13,2025-08-12
TXN-1637,3392864716,0679274052,494564.71,2024-08-17
TXN-1638,0379398764,3451262405,509861.78,2025-07-22
TXN-1639,3203289057,8636315691,663134.59,2025-10-16
TXN-1640,1892772689,2839463745,986454.64,2026-04-07
TXN-1641,1440574878,7947698806,278275.51,2024-08-18
TXN-1642,4167553537,5350467522,929508.19,2024-03-03
TXN-1643,2126014287,0021896942,458618.37,2025-05-03
TXN-1644,4183262975,4392693258,356813.31,2025-05-23
TXN-1645,1664656248,9431060774,69054.6,2024-04-16
TXN-1646,3903570654,8198555937,65556.45,2024-02-29
TXN-1647,3862120860,4847059654,286449.71,2024-01-05
TXN-1648,6950423930,8540887196,60624.63,2025-12-26
TXN-1649,3429247171,4279178521,513905.95,2025-01-03
TXN-1650,3439724233,2896954853,242932.51,2024-02-20
TXN-1651,8003363748,1834875426,404086.19,2025-01-22
TXN-1652,0555271885,3051906184,308820.36,2025-08-08
TXN-1653,1733057964,0907218064,166175.41,2024-08-17
TXN-1654,1623853398,6636704300,119804.46,2025-11-03
TXN-1655,2502371842,7242849899,274020.43,2025-10-18
TXN-1656,4033457193,2057227701,687300.16,2024-12-04
TXN-1657,4529084047,4312659471,419305.59,2026-05-23
TXN-1658,2952778687,3160739287,264946.06,2025-08-24
TXN-1659,7282239931,9861950132,852662.09,2025-04-28
TXN-1660,7912671988,4156881018,822522.83,2024-09-04
TXN-1661,9653983568,6688017806,548365.56,2024-11-29
TXN-1662,2452221283,8872769054,50439.28,2024-09-15
TXN-1663,9063885896,4369159206,87592.06,2025-01-09
TXN-1664,1472029714,1676153867,70798.73,2024-04-23
TXN-1665,2224544313,6140127652,772102.57,2024-05-16
TXN-1666,4389348106,5425469015,232715.43,2025-01-28
TXN-1667,1839335866,9901788682,182608.4,2025-06-05
TXN-1668,0398872359,8601021413,266694.63,2024-01-02
TXN-1669,1656072102,8483956481,449024.13,2024-07-31
TXN-1670,6159520749,0831537194,363144.64,2024-06-19
TXN-1671,0699419397,7487703709,287979.14,2025-09-17
TXN-1672,8715626057,7114646973,963356.14,2025-07-08
TXN-1673,5639423465,6399487347,251659.26,2025-01-11
TXN-1674,6355402680,9201498180,368528.52,2025-03-12
TXN-1675,3781566256,6425163214,243368.78,2025-04-07
TXN-1676,6985778711,5794390208,274233.9,2025-12-11
TXN-1677,5735061022,5357740644,774111.03,2025-10-05
TXN-1678,2615800309,5930062307,109428.78,2026-05-07
TXN-1679,7829760627,8046434116,795086.06,2024-04-24
TXN-1680,7244555136,8620471809,573240.32,2025-08-22
TXN-1681,6736105359,2885994372,622904.94,2024-04-03
TXN-1682,3349712125,3666686629,868956.75,2024-04-12
TXN-1683,8228604308,9465256528,350914.02,2025-01-01
TXN-1684,8981110384,5108441860,363878.98,2025-09-19
TXN-1685,2812866635,7638276593,624168.48,2024-05-20
TXN-1686,3394379459,5470577196,640662.39,2025-08-21
TXN-1687,8852120883,6458333802,425429.15,2024-11-24
TXN-1688,2984893488,8301097746,68104.91,2025-01-23
TXN-1689,5306591861,5935300570,268098.44,2025-02-03
TXN-1690,7861770893,8088747739,896735.24,2024-10-10
TXN-1691,2971592587,2393715365,760127.8,2024-01-14
TXN-1692,7881164090,8126637471,105449.3,2025-02-23
TXN-1693,9404629370,2229377453,957312.98,2025-07-17
TXN-1694,0895380556,8278105972,761551.74,2024-07-30
TXN-1695,5478186740,4895054644,814435.01,2025-07-07
TXN-1696,6749926095,2044857379,585526.61,2026-04-09
TXN-1697,3483451804,0536313157,277315.82,2025-03-02
TXN-1698,7164699880,3798978272,701254.81,2024-10-10
TXN-1699,0378848284,0541635426,190648.8,2024-01-08
TXN-1700,2299548126,4033054399,733963.67,2024-02-28
TXN-1701,2458457012,2523218135,71901.96,2024-02-13
TXN-1702,5852521029,1221615807,353121.69,2026-05-03
TXN-1703,9306786400,4267062044,183952.2,2025-10-26
TXN-1704,4718520386,7242953513,102228.98,2024-12-10
TXN-1705,0856410697,6658796179,659755.91,2026-05-12
TXN-1706,7348518846,5107398278,836286.85,2025-05-31
TXN-1707,1055998157,4928552661,344123.89,2024-07-20
TXN-1708,4088094937,1082462110,420157.38,2024-02-25
TXN-1709,9959852782,0734646201,851753.77,2024-08-09
TXN-1710,1177143475,4722658867,78008.35,2024-11-21
TXN-1711,9902132463,5317746151,897551.38,2024-06-04
TXN-1712,1863007555,1612016047,289942.21,2024-05-25
TXN-1713,0343285024,7116387531,942690.27,2024-12-19
TXN-1714,8713732596,0200700355,130562.29,2026-02-10
TXN-1715,7583284958,8926592090,900795.51,2025-10-15
TXN-1716,9472442426,8314906514,138195.73,2025-05-27
TXN-1717,8071598220,7040485644,525266.18,2026-02-10
TXN-1718,0331087976,4223335248,572453.93,2024-01-15
TXN-1719,3733874435,5595971789,504345.75,2024-01-17
TXN-1720,1319295718,0480896436,179595.03,2026-04-22
TXN-1721,7888830112,0794159834,820864.16,2025-05-13
TXN-1722,2187431544,6503535641,839905.35,2025-01-23
TXN-1723,0965263465,0913533820,467198.82,2024-10-12
TXN-1724,2147755756,4030434805,153373.98,2024-12-16
TXN-1725,5176945720,2286048794,364223.34,2025-11-10
TXN-1726,1139797079,4488203850,723998.97,2024-02-14
TXN-1727,2777429233,6108750405,228089.88,2024-09-05
TXN-1728,8190565665,2552283275,983913.81,2025-04-19
TXN-1729,1836318473,8368711477,796163.72,2025-01-29
TXN-1730,0299617861,7176745145,216075.03,2025-10-30
TXN-1731,0384317933,6594319134,91455.62,2026-03-17
TXN-1732,0332366726,6538818327,769816.24,2026-04-28
TXN-1733,4145363565,7603884663,670877.64,2024-09-19
TXN-1734,6918692174,3485412726,524199.57,2024-12-14
TXN-1735,7612457950,0945911764,903307.58,2024-02-09
TXN-1736,1844065731,1946696931,939808.94,2024-04-12
TXN-1737,9223439617,1149792090,118495.12,2026-03-15
TXN-1738,7008100271,1249570302,828114.17,2026-04-10
TXN-1739,9987471380,0567751647,204853.34,2026-03-17
TXN-1740,6245770473,5547414901,143940.94,2024-06-04
TXN-1741,5185498370,3151706910,657343.43,2025-08-22
TXN-1742,2480231725,0593860951,571094.8,2024-05-03
TXN-1743,1953108951,8308364402,729458.06,2024-04-12
TXN-1744,7177885228,8896239340,892259.96,2025-03-08
TXN-1745,1433085093,0998625885,272170.61,2026-03-28
TXN-1746,7781399008,3820082477,471621.85,2025-09-27
TXN-1747,2547839046,7825188620,119005.11,2025-08-09
TXN-1748,8816706131,2437390729,199428.19,2026-03-15
TXN-1749,6772354011,4686778807,196532.13,2024-12-19
TXN-1750,4147643763,8176075480,330126.46,2025-12-11
TXN-1751,5533158246,4266857452,866358.39,2025-01-21
TXN-1752,0511086761,6186870182,437638.1,2024-12-27
TXN-1753,7396961927,1766694938,282596.05,2025-07-02
TXN-1754,5140885725,1080893430,72923.01,2025-11-21
TXN-1755,5621389678,3558780727,880691.59,2026-06-19
TXN-1756,4032119579,1369617491,353780.37,2025-07-12
TXN-1757,1760879638,4270756735,687005.74,2026-04-30
TXN-1758,0668079891,8126254115,719374.15,2026-03-03
TXN-1759,0434856926,9968636317,222534.02,2024-07-20
TXN-1760,7605566690,2161760632,698160.64,2025-01-20
TXN-1761,5163927761,4963939335,320400.76,2024-12-09
TXN-1762,3560401810,0549497736,479237.58,2024-11-03
TXN-1763,6542976259,2397841004,845381.99,2024-12-08
TXN-1764,5325021800,2307356033,591019.7,2024-03-12
TXN-1765,8637486360,9257286524,877025.95,2026-04-21
TXN-1766,6542421344,0550997603,498868.5,2024-07-13
TXN-1767,8526909060,3043671496,867549.47,2024-12-10
TXN-1768,7979405104,1323298889,934363.49,2025-09-27
TXN-1769,4908056019,6432429311,612281.16,2024-12-11
TXN-1770,2350745092,7686060150,657157.66,2025-06-23
TXN-1771,8129328734,9802134625,358284.35,2026-05-01
TXN-1772,4489845531,3205774667,953267.05,2026-06-17
TXN-1773,7789418215,3384263872,187245.23,2024-11-26
TXN-1774,3097904567,8330989707,144512.07,2024-02-03
TXN-1775,1713253364,2995239152,487868.05,2024-04-26
TXN-1776,8046683777,3081521100,200130.68,2026-03-08
TXN-1777,7350518264,8120162556,474580.5,2026-02-13
TXN-1778,5630807042,5226116106,428319.54,2024-08-07
TXN-1779,5114808611,6070991972,835894.39,2025-10-24
TXN-1780,9504161695,8419607335,846138.37,2026-05-05
TXN-1781,6968586825,0438512177,244158.61,2024-07-26
TXN-1782,1914973611,9578387984,30923.68,2025-09-11
TXN-1783,7862402843,1386374062,45887.89,2024-10-29
TXN-1784,6204991179,3624586174,887375.41,2026-02-09
TXN-1785,2285235333,0553563825,732371.4,2025-03-31
TXN-1786,0929355931,2024937607,649992.57,2024-03-09
TXN-1787,9718900525,2120202051,866804.66,2024-04-30
TXN-1788,9002419798,1722991636,916684.43,2024-04-12
TXN-1789,2367069238,2396666821,304000.57,2025-05-31
TXN-1790,4748763079,5846801474,199198.58,2025-07-13
TXN-1791,0107757664,4137407146,720541.3,2025-02-28
TXN-1792,6374847444,3971736028,889380.97,2024-02-22
TXN-1793,2968997644,3956921799,961374.99,2026-01-19
TXN-1794,7385974559,3750977953,882467.09,2024-07-12
TXN-1795,7207006410,7911896367,724279.75,2025-01-28
TXN-1796,8933229763,6382410791,599539.58,2025-07-02
TXN-1797,0634352100,4268995094,294760.58,2025-09-24
TXN-1798,2698728536,9300724172,484260.93,2025-02-23
TXN-1799,3255545528,0387746688,590646.08,2025-09-13
TXN-1800,5663893282,9781278037,138270.63,2025-10-29
TXN-1801,5522691912,3680102040,963515.7,2024-09-30
TXN-1802,0005656178,6552261742,560855.44,2024-02-02
TXN-1803,6354856176,3355078153,375225.09,2025-04-29
TXN-1804,9220771745,5117664906,39543.24,2024-11-15
TXN-1805,3691718139,2097659285,202749.93,2024-09-02
TXN-1806,8612005681,3206098703,468440.41,2024-10-10
TXN-1807,1255229349,8911545253,515166.66,2024-03-29
TXN-1808,4258914115,7094963866,298049.42,2024-05-26
TXN-1809,6655283751,8210744708,63060.28,2026-04-30
TXN-1810,4525446688,5769502865,297355.06,2025-05-01
TXN-1811,6638581976,8951185014,781457.76,2025-04-16
TXN-1812,5589945745,0337500776,98093.27,2024-06-09
TXN-1813,3397403234,3647678439,343566.29,2024-06-27
TXN-1814,1683108050,2171492147,434283.12,2025-03-17
TXN-1815,0244944075,8168859766,883869.63,2025-01-13
TXN-1816,8673959354,7519819926,749158.89,2024-05-27
TXN-1817,9042869407,6376950082,899806.91,2024-03-09
TXN-1818,2995543035,9830888520,225512.51,2026-03-28
TXN-1819,7208644965,3531902736,112647.86,2025-01-08
TXN-1820,7731202467,9674189925,242774.66,2025-09-16
TXN-1821,2270114065,3504458923,349978.32,2025-04-17
TXN-1822,9655864485,6875083962,482953.89,2025-10-05
TXN-1823,0144603988,3365374668,580661.78,2025-11-03
TXN-1824,3907283178,0975211824,959209.92,2024-06-22
TXN-1825,1705596214,6262293894,458526.89,2025-04-11
TXN-1826,5699385060,2441759285,95954.69,2024-07-29
TXN-1827,3923868150,3473172305,781633.75,2026-01-13
TXN-1828,5907935774,6108713201,466054.87,2024-01-08
TXN-1829,2715688375,3791799576,262916.05,2025-03-29
TXN-1830,1818083391,1279651625,272080.64,2025-11-17
TXN-1831,0059036235,8748245224,984839.75,2024-06-20
TXN-1832,8272238858,2362763602,177416.97,2025-02-03
TXN-1833,1103603486,1254138519,716563.78,2024-05-05
TXN-1834,2707156429,6829110334,298329.22,2026-03-10
TXN-1835,1378191443,3761408275,407594.87,2024-10-20
TXN-1836,4001596579,8158691392,748488.32,2025-04-07
TXN-1837,3899189148,5787987090,518993.68,2024-08-08
TXN-1838,0406718212,4657395793,810104.43,2025-10-20
TXN-1839,4604276317,2702424644,446129.33,2024-11-27
TXN-1840,7267216420,1088507685,39914.78,2026-02-15
TXN-1841,3740518597,8742102703,691992.32,2025-01-01
TXN-1842,7575436817,6015400368,312748.65,2026-01-31
TXN-1843,1480623044,2255791751,389301.61,2025-10-29
TXN-1844,7600602521,1940318722,803736.44,2024-07-18
TXN-1845,1862289419,0447725729,722408.83,2026-04-18
TXN-1846,2859094339,1723067129,374690.49,2026-02-28
TXN-1847,1637006037,3346243108,864927.79,2024-06-05
TXN-1848,7224930555,9633914423,289966.96,2025-05-13
TXN-1849,6353016663,9438197673,82223.01,2025-05-29
TXN-1850,5192144482,3757819875,931235.55,2024-03-30
TXN-1851,4196744288,8985778705,930423.29,2024-05-19
TXN-1852,0278601140,5183603647,415383.12,2024-07-24
TXN-1853,3364492365,9135092127,360308.36,2024-10-29
TXN-1854,5831122280,1344899246,63715.14,2026-01-25
TXN-1855,5687905650,3069033217,85283.27,2024-12-04
TXN-1856,1767605542,1131943756,649641.39,2025-07-08
TXN-1857,6701117981,2789466443,625744.49,2025-02-19
TXN-1858,6854194415,4459176747,347164.26,2026-04-12
TXN-1859,3920753397,5815324365,108068.84,2024-12-19
TXN-1860,3853253348,4502458682,635859.24,2026-04-27
TXN-1861,7759312470,1059735601,940846.38,2024-03-29
TXN-1862,2965813484,9947607918,166511.04,2024-07-25
TXN-1863,1179596677,3149341407,316947.19,2024-01-22
TXN-1864,8881851267,5287019677,715111.02,2024-07-08
TXN-1865,3470410557,3298806548,821356.04,2025-12-30
TXN-1866,2078738880,8104431169,60351.96,2025-06-21
TXN-1867,0421277322,3688657995,610787.63,2025-06-08
TXN-1868,5013003132,0085842310,165036.2,2025-01-27
TXN-1869,0859544055,3214370265,838284.45,2026-05-21
TXN-1870,2193112637,1225364946,515322.66,2024-11-21
TXN-1871,7450056454,9139953106,565690.35,2024-12-28
TXN-1872,4525345239,7954911915,652485.09,2025-02-08
TXN-1873,7318246679,4030753002,129871.25,2026-03-13
TXN-1874,9824636736,3104308967,541963.46,2025-07-22
TXN-1875,9259887633,3605299798,128838.93,2024-11-10
TXN-1876,7262218876,9695306711,329011.45,2025-01-21
TXN-1877,6387413394,0956067814,736583.19,2024-08-06
TXN-1878,7037322833,5558103669,12009.2,2024-12-30
TXN-1879,0595917530,7195569506,95601.86,2024-01-05
TXN-1880,4652234201,5163424404,853619.69,2024-08-16
TXN-1881,2260584032,5080616437,461865.1,2024-04-13
TXN-1882,0939194524,7645585827,839942.11,2024-04-19
TXN-1883,8181262574,5454953911,242657.48,2025-03-13
TXN-1884,3032873907,4091839051,738410.02,2025-01-28
TXN-1885,7580283667,2971064573,505981.12,2026-05-25
TXN-1886,6403185210,2782784188,64204.17,2024-01-26
TXN-1887,2035720484,5603963786,482559.57,2025-08-20
TXN-1888,6735710178,9909131201,920919.91,2024-05-11
TXN-1889,8411230198,2655085715,736256.4,2025-02-10
TXN-1890,4825545340,4191532559,44285.84,2026-02-02
TXN-1891,4849077249,2000432891,815218.35,2026-04-19
TXN-1892,0402316063,5792151810,826183.43,2024-12-08
TXN-1893,5183834563,8390416162,317568.22,2025-01-19
TXN-1894,4597696346,4157289590,990034.25,2025-07-11
TXN-1895,3326481313,4961254880,653567.09,2025-01-06
TXN-1896,0647473765,8781441757,586798.74,2025-03-05
TXN-1897,2105989370,1676591541,397264.26,2025-04-28
TXN-1898,4315311544,1554227661,442405.03,2024-09-13
TXN-1899,7864661720,4356328473,804074.14,2026-06-01
TXN-1900,9501011393,2632129000,95492.31,2026-06-08
TXN-1901,2793436553,3798028194,456772.86,2024-02-13
TXN-1902,8918495139,3907144306,46016.79,2025-10-29
TXN-1903,0467297218,5204957942,490852.86,2026-02-28
TXN-1904,6474291093,4402677503,250696.94,2025-11-01
TXN-1905,2727231641,9257107990,896065.75,2025-03-07
TXN-1906,8733492547,1938749378,741278.5,2024-07-05
TXN-1907,6612519779,1134669636,407440.59,2025-08-05
TXN-1908,5139736896,5339682549,334700.3,2024-06-11
TXN-1909,3738008675,6774169957,932792.09,2025-03-15
TXN-1910,9925821516,9400179761,658752.38,2024-03-12
TXN-1911,6619763376,3800866186,341815.45,2026-03-10
TXN-1912,7236856936,8253727816,333382.91,2025-03-24
TXN-1913,7510533773,2218747199,124612.52,2025-10-31
TXN-1914,9929178599,3648831949,465959.64,2024-09-20
TXN-1915,4003498399,6071233838,369970.93,2025-07-14
TXN-1916,1282204573,9823808945,121151.53,2024-01-15
TXN-1917,7168245917,4769264664,640239.47,2025-11-25
TXN-1918,5352968103,2842859403,841863.25,2024-02-18
TXN-1919,6858475326,7385198497,51455.82,2025-03-07
TXN-1920,5844184117,5836773975,244379.6,2025-12-16
TXN-1921,0456999257,7713794944,575624.86,2025-08-31
TXN-1922,8374281410,4029783715,426661.88,2024-02-18
TXN-1923,0171183153,6940216267,465445.1,2025-01-21
TXN-1924,1950088244,5961784324,750889.76,2025-04-05
TXN-1925,8805271999,3317736359,316911.01,2024-11-12
TXN-1926,8398477521,2030579171,844178.39,2026-05-01
TXN-1927,1856176835,5784740846,773945.2,2025-12-05
TXN-1928,4228540115,6466660504,719559.83,2024-05-15
TXN-1929,8336032986,4566617300,412105.7,2025-10-08
TXN-1930,9451096224,8324993217,509474.96,2025-06-15
TXN-1931,0053267751,4959523490,516498.65,2024-05-23
TXN-1932,5744937676,6969670339,140606.12,2024-02-20
TXN-1933,8193978077,5352909338,172810.52,2024-08-09
TXN-1934,1827070516,4839773229,814838.42,2024-03-09
TXN-1935,1940002799,5187902052,586343.22,2025-05-12
TXN-1936,4394874421,7216272686,644719.52,2026-05-27
TXN-1937,3382533512,8192982800,906753.38,2026-03-03
TXN-1938,4798721168,7664366557,970140.8,2024-06-14
TXN-1939,5451700098,5243934259,402898.81,2024-04-12
TXN-1940,1302509519,9629182499,166093.74,2025-06-10
TXN-1941,9827259811,6209518032,270924.58,2025-06-02
TXN-1942,8401043146,6852710930,687028.12,2025-02-05
TXN-1943,9686547473,6791789161,331465.27,2025-08-17
TXN-1944,7882207546,0197695830,758185.62,2025-06-22
TXN-1945,5070834704,2596925885,874321.21,2024-07-17
TXN-1946,7552229827,5434194643,963432.06,2024-04-16
TXN-1947,2308110422,5373197502,916062.32,2025-10-23
TXN-1948,7104732352,5893436475,623899.22,2025-11-26
TXN-1949,5979690718,3400414262,611794.84,2026-06-05
TXN-1950,9896221670,5373597604,329467.26,2025-04-13
TXN-1951,4115390543,7103111092,29188.37,2025-05-19
TXN-1952,8995526570,2403180195,506741.56,2024-07-26
TXN-1953,1002305699,5075046835,410168.96,2025-04-26
TXN-1954,9059994326,7865647974,134964.13,2024-07-26
TXN-1955,4413252663,4256295676,957790.2,2025-02-13
TXN-1956,1637288856,1707707105,415054.27,2024-11-06
TXN-1957,6107517170,3626972766,74615.72,2024-03-12
TXN-1958,7373580093,0757937068,312035.84,2026-03-12
TXN-1959,5433414166,1577890004,624239.39,2024-03-06
TXN-1960,1836427653,9654346107,277087.01,2024-08-12
TXN-1961,5438443291,1695492027,688838.95,2026-04-23
TXN-1962,2842938817,8358524395,517686.24,2026-01-29
TXN-1963,8995912580,0547852685,957567.86,2025-02-22
TXN-1964,4134113282,2800048991,332214.93,2026-02-16
TXN-1965,6936454410,7919649024,964464.21,2024-01-28
TXN-1966,5634875240,2674104739,870521.75,2024-01-15
TXN-1967,6589827103,7057779210,104042.11,2024-01-14
TXN-1968,0127373872,3859596273,449430.66,2024-05-31
TXN-1969,1491514641,3933207183,632994.54,2024-02-20
TXN-1970,9902804157,8638041497,139043.76,2024-04-22
TXN-1971,2683503075,7188361132,794457.02,2024-07-26
TXN-1972,2661479464,9291005801,795194.72,2026-02-14
TXN-1973,5871284923,0004832127,802235.14,2024-04-22
TXN-1974,4895047837,0774982642,81083.54,2024-08-03
TXN-1975,2089216706,8255521489,814360.99,2024-06-29
TXN-1976,4378588892,5328440807,746461.66,2024-04-03
TXN-1977,5544560815,3569424473,156664.89,2024-07-09
TXN-1978,2703051694,9265224123,759908.71,2026-05-14
TXN-1979,0652567342,7299464008,326684.67,2026-06-10
TXN-1980,7067916276,0387219329,103029.34,2026-06-02
TXN-1981,8618440256,6380664703,385687,2024-05-29
TXN-1982,0620821388,6070195160,780184.47,2024-02-20
TXN-1983,3401902124,0863664772,101628.85,2024-11-15
TXN-1984,5632617876,7381771030,331388.17,2024-09-02
TXN-1985,7563986388,6099056349,667515.06,2025-04-23
TXN-1986,4403394522,9327773126,67799.15,2024-01-12
TXN-1987,8172336058,5169772904,867962.83,2024-02-16
TXN-1988,7756240237,4897258296,268627.59,2025-02-03
TXN-1989,3503291544,6525598497,199432.34,2024-10-05
TXN-1990,2091422510,5739506539,685207.55,2024-07-15
TXN-1991,9819631756,2060902981,235148.89,2025-04-25
TXN-1992,5381105310,2763280929,199820.39,2026-04-14
TXN-1993,2263085931,1385659103,270537.99,2025-12-18
TXN-1994,9835432971,9439085801,471238.88,2024-02-11
TXN-1995,9754905578,7699900779,571420.86,2024-11-03
TXN-1996,8127343310,9119572487,264600.9,2024-05-06
TXN-1997,5609188591,8155596660,616330.35,2024-04-19
TXN-1998,5841626439,5533936516,347196.37,2025-12-17
TXN-1999,6610787471,0030007233,352848.29,2025-11-26
TXN-2000,9953580495,0483741729,899490.37,2024-06-05